-13048,1618,13664
-13048,1642,13676
-13072,1642,13676
-13023,1626,13660
-13077,1603,13666
-13071,1607,13692
-13071,1607,13692
-13099,1642,13653
-13052,1627,13641
-13078,1618,13697
-13071,1620,13671
-13055,1626,13662
-13070,1602,13682
-13070,1602,13682
-13061,1631,13655
-13041,1605,13681
-13041,1605,13681
-13097,1631,13656
-13072,1634,13638
-13072,1634,13638
-13081,1634,13694
-13044,1612,13690
-13064,1593,13703
-13064,1593,13703
-13050,1608,13676
-13060,1615,13721
-13060,1615,13721
-13021,1627,13675
-13060,1629,13642
-13043,1604,13696
-13076,1604,13689
-13064,1626,13658
-13061,1598,13715
-13061,1598,13715
-13061,1607,13651
-13061,1612,13675
-13013,1635,13662
-13053,1594,13701
-13085,1639,13678
-13085,1639,13678
-13075,1634,13691
-13040,1631,13694
-13040,1631,13694
-13052,1632,13668
-13064,1621,13628
-13064,1621,13628
-13073,1641,13646
-13066,1632,13650
24158,24158,24158
-13053,1644,13662
-13076,1599,13688
-13063,1650,13622
-13065,1607,13681
-13065,1607,13681
-13100,1638,13621
-13059,1606,13668
-13059,1606,13668
-13066,1625,13646
-13053,1616,13654
-13073,1619,13649
-13068,1620,13631
-13068,1643,13568
-13085,1643,13633
-13085,1643,13633
-13064,1667,13604
-13065,1608,13667
-13065,1608,13667
-13095,1640,13622
-13061,1608,13670
-13061,1608,13670
-13065,1597,13655
-13048,1626,13641
-13075,1626,13650
-13075,1626,13650
-13097,1636,13637
-13073,1631,13627
-13061,1628,13611
-13068,1587,13669
-13068,1587,13669
-13097,1623,13638
-13067,1592,13672
-13067,1592,13669
-13075,1603,13669
-13070,1606,13649
-13079,1608,13666
-13078,1609,13643
-13078,1609,13643
-13090,1624,13701
-13081,1612,13668
-13077,1584,13673
-13066,1642,13631
-13072,1626,13630
-13065,1633,13638
-13065,1633,13638
-13077,1623,13663
-13076,1638,13662
257,257,257
-13078,1619,13604
-13082,1635,13641
-13072,1620,13642
-13042,1274,13646
-13020,1122,13688
-13009,978,13673
-13009,978,13673
-12981,852,13652
-12945,701,13613
-12945,701,13613
-12918,541,13594
-12887,381,13584
-12887,381,13584
-13009,-430,13607
-13013,-497,13556
-13012,-622,13537
-13012,-622,13537
-13036,-778,13475
-13040,-1024,13390
-13104,-1255,13208
-13197,-1533,13135
-13197,-1533,13135
-13215,-1738,12952
-14278,-2871,12311
-14471,-2932,12164
-14471,-2932,12164
-14693,-3080,12132
-14908,-3237,11949
-15154,-3388,11757
-15154,-3388,11757
-15375,-3492,11527
-15548,-3555,11436
-15548,-3555,11436
-16392,-3873,10358
-16462,-3860,10172
-16462,-3860,10073
-16597,-3873,10073
-16638,-3891,10007
-16638,-3891,10007
-16660,-3884,10025
-16676,-3870,10119
-16679,-3879,10262
-16679,-3879,10262
-16705,-3929,9641
-16652,-3916,9527
-16652,-3916,9527
-16610,-3932,9399
-16562,-3938,9341
-16534,-3958,9365
-16534,-3985,9378
-16501,-3985,9378
-16359,-3977,9287
-16279,-4007,9201
-15900,-4055,8637
-15875,-4033,8519
-15886,-4065,8436
-15886,-4074,8371
-15926,-4119,8383
-16005,-4138,8477
-16005,-4138,8477
-16099,-4130,8582
-16168,-4207,8719
-16189,-4227,8865
-16206,-4274,9942
-16129,-4227,10252
-16017,-4180,10578
-16017,-4180,10902
-10024,-10024,-10024
-15738,-4038,11118
-15646,-3971,11298
-15646,-3971,11298
-15571,-3909,11437
-15378,-3844,11650
-14582,-3156,12779
-14478,-2992,12929
-14390,-2850,13072
-14345,-2726,13227
-14302,-2540,13363
-14302,-2540,13363
-14236,-2375,13553
-14184,-2264,13728
-14184,-2264,13728
-14149,-2143,13784
-14239,-1309,14547
-14239,-1309,14547
-14228,-1268,14556
-14164,-1143,14633
-14164,-1143,14633
-14133,-1001,14706
-14070,-821,14738
-14055,-664,14840
-14055,-664,14840
-14037,-500,14919
-13771,28,14984
-13696,154,14945
-13696,154,14945
-13556,327,14942
-13364,499,14886
-13131,740,14840
-12880,1036,14659
-12635,1212,14581
-12326,1384,14420
-12326,1384,14420
-10532,2429,12042
-10366,2687,11565
-10366,2687,11565
-10387,3023,11108
-10392,3396,10660
-10392,3396,10281
-10655,4137,9936
-10655,4137,9936
-10856,4451,9606
-11086,4675,9338
-12039,5366,8204
-12213,5427,8113
-12365,5505,8068
-12365,5505,8031
-12505,5575,8031
-12589,5654,7998
-12705,5701,8090
-12705,5701,8090
-12801,5791,8172
-12882,5853,8356
-13359,6018,9695
-13359,6018,9695
-13389,6030,9939
-13306,5945,10235
-13306,5945,10235
-13140,5825,10530
-12908,5696,10809
22616,22616,22616
-12712,5544,11066
-12476,5339,11362
-11351,2390,13385
-11351,2390,13385
-11360,1619,13502
-11387,850,13496
-11578,179,13444
-11805,-429,13337
-12166,-999,13266
-12566,-1528,13046
-12566,-1528,13046
-13029,-2051,12812
-15110,-3401,11496
-15110,-3401,11496
-15251,-3457,11361
-15386,-3531,11264
-15386,-3531,11264
-15503,-3573,11106
-15544,-3602,10989
-15573,-3617,10944
-15573,-3617,10944
-15586,-3607,10873
-14593,-3454,10873
-14231,-3347,10779
-14231,-3347,10779
-13754,-3210,10651
-13301,-3048,10519
-13301,-3048,10519
-12914,-2858,10402
-12661,-2733,10346
-12661,-2733,10346
-12523,-2607,10285
-12005,-2351,10248
-12001,-2349,10226
-12001,-2349,10226
-12016,-2341,10241
-12031,-2421,10295
-12031,-2421,10295
-12085,-2461,10340
-12137,-2511,10383
-12219,-2575,10449
-12219,-2575,10449
-12389,-2760,10365
-12365,-2724,10351
-12394,-2742,10279
-12394,-2742,10279
-12479,-2805,10103
-12536,-2868,9943
-12633,-2902,9807
-12612,-2941,9697
-12643,-2939,9609
-12643,-2939,9609
-12539,-2868,8780
-12594,-2867,8507
-12594,-2867,8507
-12687,-2849,8266
-12661,-2788,8019
-12559,-2707,7788
-12495,-2523,7458
-12495,-2523,7458
-12420,-2395,7182
-12320,-2249,6935
-12432,-1014,5113
-12594,-697,4686
-12817,-424,4309
-13081,-86,3948
-13081,-86,3948
-13387,271,3609
-13700,564,3363
-13700,564,3363
-14024,851,3139
-14288,1097,2967
-15939,2567,2694
-16223,2913,2750
-16489,3110,2828
-16768,3293,2934
-17042,3421,2921
-17042,3421,2921
-17306,3465,3003
-17532,3429,3003
-17532,3429,3003
-17722,3342,2941
-18074,2666,2630
-18012,2679,2613
-18012,2679,2613
-17735,2760,2593
-17735,2760,2593
-17525,2829,2609
-17233,2885,2596
-17055,2932,2652
-16891,2969,2714
-16756,3042,2758
-14813,3849,3521
-14310,4080,3821
-13791,4236,4177
-13791,4236,4177
-13339,4343,4601
-12858,4459,5018
-12361,4557,5535
-12361,4557,5535
-11938,4546,6102
-11544,4485,6601
-10288,3856,8878
-10445,3856,8878
-10304,3725,9123
-10271,3592,9365
-10271,3592,9365
-10233,3500,9539
-10183,3380,9732
-10183,3380,9732
-10162,3257,9915
-10109,3114,10056
-9977,1850,10412
-9977,1850,10412
-9949,1666,10360
-9955,1500,10285
-9955,1500,10285
-9979,1352,10189
-9955,1185,10131
-9987,948,10054
-9987,948,10054
-10025,752,9951
-10396,-360,9456
-10396,-360,9456
-10467,-517,9319
-10603,-747,9219
-10721,-1022,9158
-10903,-1292,9098
-11088,-1530,9089
-11276,-1739,9035
-11276,-1739,9035
-11442,-1889,8880
-12966,-3208,8526
-13329,-3439,8531
-13329,-3439,8531
-13726,-3621,8496
-14109,-3808,8486
-14109,-3808,8486
-14481,-3906,8392
-14790,-4001,8295
-15085,-4101,8279
-15085,-4101,8279
-15677,-4255,8247
-15474,-4193,8216
-15230,-4103,8228
-15230,-4103,8228
-14991,-4058,8376
-14708,-3975,8583
-14708,-3975,8583
-14426,-3853,8722
4369,4369,4369
-14139,-3716,8884
-12480,-2660,10217
-12176,-2412,10605
-11914,-2094,10934
-11914,-2094,10934
-11655,-1661,11245
-11352,-1239,11630
-11352,-1239,11630
-11161,-734,12002
-11054,-234,12251
-10956,312,12637
-11848,2363,13941
-12140,2714,14019
-12357,2994,14075
-12541,3177,14080
-12541,3177,14080
-12660,3407,14029
-12752,3555,13929
-12869,3681,13941
-13003,3844,13892
-13139,4032,13809
-14080,4817,13291
-14286,4988,13062
-14435,5076,12992
-14435,5076,12992
-14550,5190,12817
-14677,5283,12672
-14677,5283,12672
-14758,5402,12493
-14813,5488,12302
-14885,5614,12064
-15399,5998,10929
-15452,6099,10716
-15463,6140,10525
-15498,6128,10386
-15498,6128,10386
-15574,6195,10201
-15599,6204,10022
-15599,6204,10022
-15653,6222,9807
-15723,6256,9579
-16543,6040,7966
-16449,-16449,-16449
-16715,5987,7594
-16886,5873,7342
-16886,5873,7342
-17049,5787,7142
-17224,5682,6959
-17369,5527,6800
-17369,5527,6800
-17445,5496,6702
-17792,5260,6321
-17792,5260,6321
-17895,5254,6360
-17991,5200,6339
-18057,5142,6277
-18106,5068,6229
-18106,5068,6229
-18172,5114,6242
-18225,5111,6359
-18225,5111,6359
-18935,4908,6870
-19102,4848,7184
-19102,4848,7184
-19302,4757,7496
-19531,4645,7739
-19531,4645,7739
-19728,4523,8018
-19897,4358,8261
31611,31611,31611
-20143,4109,8765
-20671,3285,9486
-20671,3285,9486
-20739,3152,9619
-20800,2930,9827
-20800,2930,9827
-20867,2718,10004
-20920,2481,10183
-21002,2216,10365
-21002,2216,10365
-21038,1930,10507
-21237,199,10624
-21223,-203,10617
31097,31097,31097
-21139,-573,10620
-21062,-938,10550
-21062,-938,10550
-20931,-1241,10492
-20840,-1548,10402
-20840,-1548,10402
-20702,-1788,10283
-19379,-3233,9786
-19379,-3233,9786
-19102,-3391,9500
-18809,-3516,9354
-18582,-3626,9229
-18382,-3691,9173
-18214,-3753,9104
-18131,-3810,9093
-18131,-3810,9093
-18017,-3827,8992
-17334,-4024,8707
-17334,-4024,8707
-17161,-3989,8601
-17055,-3998,8558
-16908,-3974,8377
-16908,-3974,8377
-16849,-3982,8273
-16675,-4005,8241
-16616,-3989,8104
-16616,-3989,8104
-16200,-3935,7555
-16136,-3896,7544
-16136,-3896,7544
-16168,-3915,7480
-16137,-3893,7458
-16196,-3928,7371
-16196,-3928,7371
-16236,-3894,7281
-16166,-3891,7236
-16166,-3891,7236
-14844,-3814,7745
-14504,-3753,7870
-14504,-3753,7870
-14110,-3664,8000
-13622,-13622,-13622
-13253,-3355,8259
-13253,-3355,8259
-12868,-3141,8424
-12554,-2998,8554
-12554,-2998,8554
-10965,-1488,9103
-10717,-1170,9214
-10717,-1170,9214
-10592,-891,9357
-10439,-665,9526
-10339,-439,9658
-10264,-194,9806
-10136,38,9945
-10136,38,9945
-10118,291,10037
-9967,1712,10624
-9967,1712,10624
-10022,1971,10591
-9982,2183,10579
-9982,2183,10579
-10041,2357,10548
-10046,2568,10531
-10128,2798,10490
-10170,3037,10403
-10170,3037,10403
-10817,4337,10128
-10965,4534,10100
-10965,4534,10100
-11167,4717,10144
-11375,4905,10180
-11538,5027,10258
-11538,5027,10258
-11708,5166,10267
-11792,5250,10194
-11892,5266,10223
-11850,5115,10803
-11743,4984,11093
-11603,4735,11425
-11562,4481,11770
-11562,4481,11770
-11476,4212,12035
-11420,3883,12411
-11398,3589,12677
-11398,3589,12677
-11409,3217,13006
-12058,1035,14151
-12058,1035,14151
-12216,740,14130
-12399,356,14249
-12399,356,14249
-12638,27,14218
-12855,-341,14234
-13093,-660,14140
-13308,-971,14118
-13480,-1282,14037
-14442,-2412,13026
-14655,-2647,13018
-14824,-2824,12828
-15053,-2962,12627
-15053,-2962,12627
-15259,-3102,12390
-15466,-3243,12229
-15675,-3294,12000
-15675,-3294,12000
-15856,-3382,11834
-16699,-3617,11257
-16846,-3629,11143
-16846,-3629,11143
-16971,-3635,11050
-17092,-3647,10993
-17167,-3701,10936
-17167,-3701,10936
-17300,-3688,10828
-17367,-3700,10817
-17475,-3689,10847
-18301,-3589,10714
-18555,-3479,10710
-18703,-3375,10760
-18804,-3363,10841
-18804,-3363,10841
-18869,-3313,10841
-18898,-3293,10933
-18929,-3226,11015
-18929,-3226,11015
-18922,-3226,11054
-18486,-3515,10678
-18269,-3633,10449
-18269,-3633,10449
-17956,-3754,10133
-17585,-3927,9771
-17134,-4022,9243
-17134,-4022,9243
-16604,-4058,8645
-16076,-3958,8020
-15575,-3837,7525
-13499,-2219,5573
-13337,-2219,5573
-13196,-1871,5247
-13140,-1443,4865
-13140,-1443,4865
-13068,-950,4468
-13028,-432,4168
-13016,53,3972
-13016,53,3972
-12927,499,3846
-12539,2418,4152
-12539,2418,4152
-12483,2767,4264
3084,3084,3084
-12407,3072,4704
-12395,3474,4659
-12363,3821,4942
-12409,4149,5214
-12409,4149,5214
-12425,4489,5528
-13569,5810,7103
-13569,5810,7103
-13696,5935,7356
-32383,-32383,-32383
-13548,5998,7815
-13548,5998,7815
-13429,6009,7995
-13257,5935,8213
-13257,5935,8338
-13136,5905,8338
-12625,5733,9580
-12518,5702,9741
-12518,5702,9741
-12432,5636,9981
-12322,5569,10216
-12279,5465,10467
-12227,5399,10658
-12227,5399,10658
-12188,5317,10901
-12158,5235,11142
-12068,4460,12585
-12068,4460,12585
-12039,4298,12747
-12027,4078,12972
-12011,3906,13152
-12011,3906,13152
-11989,3682,13329
-11924,3400,13463
-11924,3400,13463
-11866,3079,13650
-11451,1508,13752
-11451,1508,13752
-11378,1308,13622
-11257,1023,13458
-11158,722,13239
-11158,722,13239
-11104,413,12971
-11069,25,12769
-11103,-376,12520
-11103,-376,12520
-12527,-2611,11056
-13028,-2943,10842
-13586,-3256,10749
-13586,-3256,10749
-14143,-3456,10629
-14688,-3641,10555
-15208,-3745,10500
-15669,-3845,10428
-15669,-3845,10428
-16047,-3872,10313
-15617,-3951,9666
-15617,-3951,9666
-15156,-3849,9568
-14531,-3726,9393
-13959,-3556,9187
-13332,-3254,9111
-13332,-3254,9111
-12745,-2925,9070
-12212,-2557,9229
-11647,-2114,9350
-9962,1356,10366
-9962,1356,10366
-9966,2035,10395
-10017,2673,10399
-10212,3239,10399
-10212,3239,10399
-10464,3821,10281
-10754,4302,10086
-11088,4677,9904
-11088,4677,9904
-12777,5781,8613
-12965,5840,8504
-12965,5840,8504
-13155,5916,8387
-13288,5934,8332
-13288,5934,8332
-13404,5978,8277
-13509,6006,8168
-13585,5999,8145
-13737,6022,8159
-14833,6089,7702
-14999,6079,7599
-15111,6052,7492
-15111,6052,7492
-15193,6066,7370
-15248,6036,7288
-15403,6004,7192
-15403,6004,7192
-15539,6022,7112
-15735,5983,7150
-16646,5858,7183
-16751,5833,7119
-16836,5796,7040
-16907,5752,7034
-16907,5752,7034
-16958,5760,7002
-17164,5714,6964
-17164,5714,6964
-17300,5692,7019
-17436,5682,7111
-19134,4987,8540
-19134,4987,8540
-19430,4754,8723
-19721,4480,8941
-19721,4480,8941
-19932,4259,9105
-20052,4027,9268
-20217,3847,9481
-20217,3847,9481
-20335,3683,9679
-20642,3039,10214
-20642,3009,10279
-20622,3009,10279
-20612,2932,10406
-20695,2700,10592
-20695,2700,10592
-20742,2444,10743
-20826,2113,10891
-20826,2113,10891
-20888,1724,11059
-20689,-110,11770
-20689,-110,12026
-20591,-286,11835
-20457,-524,11962
-20314,-782,12136
-20314,-782,12136
-20073,-1049,12264
-19799,-1381,12410
-19799,-1381,12410
-19551,-1661,12509
-18272,-2739,12577
-18083,-2788,12549
-17948,-2844,12583
-17948,-2844,12583
-17778,-2927,12569
-17611,-3041,12568
-17358,-3112,12414
-17156,-3229,12451
-17156,-3229,12418
-16920,-3281,12418
-15595,-3560,11953
-15510,-3548,11942
-3342,-3342,-3342
-15430,-3501,11979
-15359,-3483,11995
-15249,-3470,12031
-15249,-3470,12031
-15174,-3459,11852
-15024,-3532,11731
-15024,-3532,11731
-14601,-3596,11188
-14409,-3551,11148
-14180,-3466,11067
-14180,-3466,11067
-13911,-3375,10950
-13631,-3305,10860
-13631,-3305,10860
-13360,-3171,10794
-13146,-3056,10804
-13146,-3056,10804
-12791,-2792,11131
-12813,-2775,11220
-12813,-2775,11220
-12850,-2762,11311
-12853,-2750,11367
-12867,-2715,11422
-12867,-2715,11422
-12846,-2672,11466
-12793,-2683,11521
-12793,-2683,11521
-12506,-2481,11626
-12407,-2377,11616
-12407,-2377,11616
-12274,-2263,11633
-12114,-2178,11623
-12076,-2103,11646
-12021,-2032,11636
-11968,-1973,11761
-11968,-1973,11761
-11926,-1924,11722
-11728,-1701,11826
-11665,-1680,11778
-11665,-1680,11778
-11623,-1564,11784
-11551,-1487,11848
-11551,-1487,11848
-11493,-1340,11849
-11431,-1274,11854
-11419,-1249,11896
-11419,-1249,11896
-11554,-573,12923
-11608,-419,13152
-11608,-237,13445
-11738,-237,13445
-11845,-84,13629
-12001,15,13839
-12001,15,13839
-12157,98,14014
-12323,155,14155
-12482,202,14272
-13298,506,14804
-13441,492,14823
-13522,427,14844
-13574,310,14871
-13574,310,14871
-13599,198,14804
-13599,22,14787
-13687,-215,14739
-13687,-215,14739
-13794,-372,14684
-14651,-1783,14107
-14864,-1956,13909
-14864,-1956,13909
-15132,-2136,13793
-15378,-2290,13709
-15599,-2441,13583
-15813,-2555,13367
-15813,-2555,13271
-16020,-2646,13271
-16206,-2717,13108
-17419,-3128,12286
-17419,-3128,12286
-17561,-3139,12076
-3085,-3085,-3085
-17837,-3183,11851
-17837,-3183,11851
-17952,-3200,11725
-18076,-3215,11601
-18076,-3215,11601
-18172,-3224,11527
-17638,-3486,11527
-17377,-3501,11648
-17377,-3501,11648
-17077,-3456,11763
-16741,-3468,11920
-16282,-3407,12075
-16282,-3407,12075
-15761,-3335,12181
-15285,-3208,12416
-15285,-3208,12416
-12580,-1473,13180
-12255,-1128,13212
-12255,-1128,13212
-11943,-781,13181
-11943,-781,13181
-11671,-416,13165
-11399,-22,13116
-11143,363,13108
-11259,363,13108
-11137,747,13120
-11102,2477,13101
-11191,2782,13040
-11247,3063,12963
-11335,3310,12926
-11335,3310,12926
-11463,3614,12807
-11595,3880,12704
-11769,4167,12609
-11961,4456,12476
-12141,4683,12377
-13347,5752,11268
-13347,5752,11268
-13439,5870,11024
-13569,5908,10880
-13569,5908,10880
-13702,5967,10727
-13789,6048,10577
-13933,6101,10386
-13933,6101,10152
-14047,6151,10152
-15026,6315,8943
-15083,6306,8850
-15083,6306,8850
-15105,6311,8785
-15096,6282,8718
-15096,6282,8718
-15135,6287,8657
-15148,6281,8584
-15214,6286,8454
-15330,6251,8404
-15912,6138,7763
-15912,6138,7763
-16045,6128,7643
-16164,6075,7549
-16164,6075,7549
-16364,6033,7446
-16565,5980,7359
-16565,5980,7359
-16756,5904,7359
-16952,5859,7326
-17771,5567,7335
-17771,5567,7335
-17870,5549,7334
-18022,5488,7314
-18022,5488,7314
-18199,5437,7432
-18345,5345,7516
-18523,5314,7521
-18609,5201,7645
-18751,5153,7722
-19108,5011,8688
-19210,4917,8851
-19338,4807,9016
-19338,4704,9202
-19484,4704,9202
-19537,4608,9330
-19623,4504,9557
-19623,4504,9557
-19680,4434,9713
-19749,4369,9872
-20175,3619,10321
-20275,3433,10456
-20357,3181,10632
-20357,3181,10632
-20429,2937,10769
-20488,2710,10932
-20564,2559,10982
-20564,2559,10982
-20584,2421,11047
-20604,2319,11093
-20773,1870,11113
-20777,1768,11103
-20840,1684,11099
-20851,1531,11158
-20851,1409,11119
-20889,1409,11119
-20893,1212,11118
-20921,988,11135
-20921,988,11135
-20929,719,11106
-20799,-1037,10813
-20799,-1037,10813
-20720,-1252,10691
-20589,-1513,10592
-20534,-1686,10491
-20469,-1856,10438
-20469,-1856,10438
-20350,-2018,10366
-20232,-2196,10286
-20161,-2349,10301
-19760,-2716,10489
-19715,-2711,10502
-19662,-2684,10602
-19717,-2634,10748
-19717,-2634,10748
-19801,-2509,10860
-19851,-2302,11080
-19851,-2302,11080
-19905,-2069,11380
-20050,-1700,11630
-20271,925,12471
-20271,1181,12487
-20219,1231,12487
-20149,1535,12466
-20072,1852,12480
-19999,2183,12389
9252,9252,9252
-19942,2487,12303
-19867,2717,12213
-19867,2717,12213
-19334,3964,11568
-19207,4115,11485
-19095,4242,11462
-18985,4370,11414
-18985,4370,11414
-18863,4522,11327
-18803,4584,11305
-18706,4647,11309
-18706,4647,11309
-18612,4774,11254
-17484,5303,11462
-17484,5303,11462
-17285,5389,11539
-17080,5419,11645
-16825,5404,11770
-16634,5456,11898
-16634,5485,11965
-16443,5485,11965
-16213,5486,12120
-16010,5460,12229
-14999,5451,12542
-14808,5451,12542
-14588,5477,12521
-14481,5444,12517
-14481,5444,12517
-14318,5494,12432
-14211,5491,12392
12336,12336,12336
-14124,5528,12396
-14025,5550,12338
-13971,5722,12039
-13971,5722,12039
-13926,5754,11966
-13968,5771,11965
-13968,5771,11965
-13946,5772,11926
-13982,5783,11941
-13954,5797,11898
-13954,5797,11884
-13974,5795,11884
-14165,5903,11790
-14166,5901,11797
-14185,5937,11747
-14185,5937,11747
-14183,5961,11708
-14166,5980,11634
-14194,6025,11607
-14194,6025,11607
-14250,6008,11648
-14205,5976,11715
-14160,6019,11678
-14177,5977,11735
-14137,5974,11704
-14104,5949,11710
-14104,5949,11710
-14090,5978,11637
-14024,6051,11414
-14050,6051,11414
-14083,6067,11345
-14128,6085,11330
-13804,6148,10998
-13714,6060,11137
-13605,6004,11302
-13539,5923,11491
-13539,5923,11491
-13433,5878,11592
-13323,5827,11616
-13323,5827,11616
-13184,5833,11458
-13082,5893,11247
22873,22873,22873
-12467,5757,10829
-12279,5684,10709
-12077,5550,10620
-12077,5550,10620
-11854,5435,10482
-11602,5274,10349
-11381,5116,10190
-11165,4932,10052
-11165,4932,10052
-10472,4091,9413
-10417,3974,9351
-10417,3974,9351
-10366,3896,9300
-10299,3753,9214
-10255,3658,9172
-10255,3658,9172
-10202,3539,9063
-10201,3416,9010
-10150,3314,8853
-10071,2547,8274
-10101,2456,8012
-10140,2357,7697
-10277,2284,7392
-10277,2284,7392
-10391,2314,7067
-10540,2311,6718
-10655,2282,6427
-10787,2246,6190
-10929,2276,5979
-11728,2570,4996
-11977,2666,4730
-12266,2795,4498
-12266,2795,4242
-12622,2885,4240
-12966,2971,4050
-13324,3027,3891
-13324,3027,3891
-13702,3124,3690
-14065,3196,3585
-14860,3443,3470
-14812,3481,3446
-14761,3447,3462
-14761,3447,3462
-14777,3428,3411
-14802,3353,3374
-14882,3254,3332
-14882,3254,3332
-14968,3242,3259
-15095,3173,3223
-15998,3148,3083
-16201,3232,3082
-16318,3236,3137
-16423,3285,3154
-16423,3285,3154
-16514,3327,3153
-16571,3307,3216
-16646,3344,3247
-16646,3344,3247
-16702,3369,3249
-17203,3475,3574
-17203,3475,3574
-17271,3568,3627
-17414,3668,3771
-17476,3754,3886
-17535,3741,3960
-17537,3759,3918
-17537,3759,3918
-17538,3736,3997
-17505,3771,4022
-17631,4148,4534
-17631,4148,4534
-17604,4239,4623
-17580,4338,4736
-17580,4338,4736
-17577,4447,4843
-17598,4548,4986
-17598,4548,4986
-17544,4630,5089
-17532,4741,5221
-17278,5194,5856
-17239,5308,6088
-17236,5448,6318
-17236,5448,6318
-17234,5490,6526
-17171,5559,6737
-17171,5559,6737
-17081,5681,6915
-17049,5773,7208
-16934,5861,7417
-16506,6166,8501
-16473,6166,8501
-16354,6188,8633
-16270,6205,8745
-16270,6205,8745
-16161,6256,8857
-16064,6253,8930
-16064,6253,8930
-15971,6312,8960
-15860,6364,8957
-15457,6347,9161
-15457,6347,9161
-15286,6379,9274
-15182,6361,9368
-15182,6361,9368
-15123,6395,9372
-14972,6366,9306
-14818,6379,9216
-14552,6366,9113
-14270,6330,9151
-12942,5961,9260
16705,16705,16705
-12593,5840,9328
-12593,5840,9328
-12421,5746,9320
-12241,5638,9390
-12241,5638,9390
-12089,5528,9465
-11823,5412,9473
-11677,5264,9552
-10801,4476,9963
-10801,4476,9963
-10658,4338,9977
-10576,4196,10085
-10499,4008,10228
-10499,4008,10228
-10424,3887,10323
-10372,3736,10429
-10316,3635,10503
-10316,3635,10503
-10375,3677,10230
-10365,3719,10060
-10363,3723,10028
-10363,3723,10028
-10319,3674,9919
-10268,3494,9986
-10268,3494,9986
-10238,3351,10033
-10143,3176,10088
-10143,2920,10111
-10089,2817,10094
-10101,2835,10084
-10101,2835,10121
-10123,2857,10115
-10123,2857,10115
-10117,2899,10137
-10112,2891,10171
-10121,2892,10128
-10110,2835,10221
-10110,2835,10221
-10112,2314,10881
-10132,2215,11038
-10132,2215,11038
-10217,2111,11224
-10239,2003,11370
-10230,1845,11492
-10230,1845,11492
-10276,1711,11556
-10287,1520,11691
-10287,1520,11691
-10690,-286,11559
-10820,-629,11462
-11052,-1014,11412
-11288,-1308,11361
-11288,-1308,11361
-11507,-1598,11357
-11746,-1851,11341
-11746,-1851,11341
-11936,-2049,11327
-12128,-2235,11317
-13874,-3256,11537
-13874,-3256,11537
-14189,-3321,11560
-14454,-3398,11576
-14690,-3470,11655
-14690,-3470,11655
-14903,-3492,11732
-15061,-3500,11831
-15061,-3500,11831
-15206,-3475,11955
-15600,-3184,12672
-15660,-3235,12717
-15660,-3235,12717
-15738,-3221,12669
-15789,-3210,12676
-15793,-3247,12704
-15752,-3231,12776
-15752,-3231,13032
-15646,-3160,12842
-15511,-3093,12962
-14426,-2470,13567
-14426,-2470,13567
-14266,-2311,13633
-14161,-2167,13764
-14025,-2056,13777
-14025,-2056,13777
-13884,-1954,13817
-13737,-1836,13831
-13616,-1765,13853
-13476,-1686,13854
-12678,-1075,13894
-12678,-1075,13894
-12615,-986,13847
-12559,-971,13884
-12559,-971,13884
-12534,-857,13849
-12476,-797,13848
-12432,-669,13927
-12432,-669,13927
-12478,-504,14030
-12881,131,14598
-12881,131,14598
-13025,291,14737
-13265,529,14879
-13265,529,14879
-13507,765,15029
-13790,1001,15158
30840,30840,30840
-14094,1202,15224
-14385,1446,15265
-16086,2800,14919
-16086,2800,14919
-16275,2951,14814
-16420,2988,14752
-16420,2988,14752
-16668,3028,14669
-16822,3024,14591
-17023,3028,14475
-17303,2885,14451
-17547,2748,14400
-19430,2200,13246
-19430,2200,13246
-19597,2151,13077
-19691,2193,12959
-19691,2193,12959
-19733,2260,12910
-19730,2257,12843
-19843,2159,12860
-19843,1903,12826
-19891,2007,12826
-20303,1636,12494
-20357,1469,12425
-20357,1469,12425
-20449,1274,12398
-20456,1039,12357
-20495,759,12291
-20495,759,12291
-20521,429,12213
-20500,-9,12236
-20500,-9,12236
-19674,-2146,11569
-19674,-2146,11569
-19603,-2214,11493
-19570,-2261,11429
3084,3084,3084
-19531,-2332,11381
-19490,-2373,11320
-19461,-2414,11248
-19494,-2473,11182
-19494,-2473,11182
-19499,-2673,10666
-19472,-2706,10523
-19472,-2706,10523
-19441,-2756,10444
-19357,-2810,10302
-19284,-2897,10159
-19262,-2948,9999
-19262,-2948,9999
-19198,-3016,9799
-19139,-3074,9613
-18563,-3447,8870
-18563,-3447,8870
-18492,-3478,8701
-18358,-3501,8638
-18358,-3501,8638
-18213,-3517,8480
-18037,-3575,8328
-17849,-3653,8290
-17849,-3653,8290
-17679,-3667,8168
-16988,-3753,7609
-16988,-3753,7609
-17015,-3741,7604
-17077,-3788,7694
-17077,-3788,7694
-17237,-3754,7696
-17360,-3706,7620
-17531,-3706,7596
-17531,-3706,7596
-17674,-3626,7475
-17569,-3630,7174
-17489,-3656,7230
-17489,-3656,7230
-17412,-3667,7214
-17342,-3643,7122
-17368,-3598,6902
-17368,-3598,6902
-17433,-3554,6848
-17552,-3565,6924
-17737,-3591,7078
-18449,-3615,7910
-18540,-3606,7985
-18580,-3581,8075
-18673,-3585,8170
-18673,-3585,8170
-18858,-3498,8261
-18980,-3453,8297
-18980,-3453,8297
-19123,-3388,8366
-19230,-3324,8500
-20156,-2686,8739
-20156,-2686,8739
-20314,-2473,8612
-20507,-2292,8563
-20507,-2292,8563
-20708,-2082,8413
-20846,-1875,8256
-20846,-1875,8256
-20981,-1635,7976
-21085,-1394,7693
-20961,1115,5097
-20740,1548,4808
-20740,1548,4808
-20535,2016,4598
-20331,2343,4491
-20331,2343,4491
-20144,2634,4377
-19915,2873,4326
-19750,3081,4202
-19750,3081,4202
-19147,3903,4319
-19009,4093,4350
-18847,4252,4467
-18847,4252,4467
-18677,4455,4545
-18493,4619,4687
-18493,4619,4687
-18326,4822,4771
-18164,4999,4930
-18164,4999,4930
-17293,5847,6226
-17158,5983,6405
-16988,6065,6602
-16988,6065,6602
-16801,6186,6859
-16581,6303,7110
-16327,6396,7325
-16082,6475,7633
-15831,6515,7867
10537,10537,10537
-15411,6689,9143
-15164,-15164,-15164
-15241,6750,9111
-15103,6737,9085
-14913,6729,9114
-14657,6689,9218
-14780,6689,9218
-14656,6725,9330
-14644,6734,9596
-14644,6734,9596
-14168,6490,10269
-14065,6467,10308
-14065,6467,10308
-13954,6436,10312
-13891,6384,10374
-13806,6366,10404
-13806,6366,10404
-13668,6330,10385
-13555,6272,10412
-13555,6272,10412
-13149,6165,10276
-13216,6168,10379
-13216,6168,10379
-13356,6174,10573
-13485,6180,10712
-13562,6120,10929
-13562,6120,10929
-13655,6103,11140
-13754,6017,11391
-13754,6017,11391
-14199,5777,12102
-14292,5775,12149
-14457,5756,12270
-14562,5699,12361
-14671,5586,12464
-14809,5527,12667
-14809,5527,12667
-14959,5417,12830
-15052,5330,12991
-15087,5192,13180
-14924,3406,14765
-14880,3146,14897
-14890,2827,15031
-14890,2827,15031
-14901,2435,15150
-14954,1974,15256
-15049,1505,15332
-15049,1505,15332
-15150,1193,15336
-15222,931,15326
-15189,-268,15082
-15057,-318,14991
-14916,-319,15009
-14728,-304,14991
-14728,-304,14991
-14460,-216,14958
-14166,-202,14909
-13900,-134,14861
-13900,-134,14861
-13625,42,14828
-12148,1613,14339
-12148,1613,14339
-11946,1943,14188
-11835,2265,14042
-11835,2265,14042
-11750,2627,13840
-11723,2910,13713
-11752,3281,13575
-11752,3281,13575
-11832,3627,13428
-13633,5480,12474
-13633,5480,12474
-14064,5638,12344
-14420,5736,12241
-14420,5736,12241
-14755,5784,12167
-15081,5823,12114
-15438,5844,12001
-15438,5844,12001
-15786,5811,11994
-17690,5413,11724
-18000,5310,11638
-18000,5310,11638
-18259,5210,11550
-18448,5108,11467
-18448,5108,11467
-18628,5088,11286
-18779,5014,11171
-18779,5014,11171
-18961,4981,11017
-19670,4598,10224
-19924,4454,9987
9766,9766,9766
-20185,4261,9765
-20358,4091,9581
-20485,3947,9423
-20485,3947,9423
-20600,3883,9186
-20692,3755,9118
-20839,3664,9096
-21063,3203,9895
-21053,3111,10127
-21038,2989,10401
-21038,2989,10401
-21003,2812,10732
-20957,2652,11047
-20924,2501,11336
-20924,2501,11336
-20855,2383,11586
-20743,2226,11910
-19655,1630,13533
-19320,1553,13743
-19117,1463,13958
-18977,1400,14100
-18977,1400,14100
-18863,1320,14134
-18776,1195,14210
-18711,1029,14246
-18702,951,14245
-18702,951,14245
-18337,-62,14368
-18217,-203,14385
-18131,-366,14376
-18131,-366,14376
-17987,-627,14336
-17860,-896,14300
-17860,-896,14300
-17739,-1082,14255
-17599,-1315,14233
-17599,-1315,14233
-16994,-2392,13597
-16897,-2510,13463
-16849,-2697,13311
-16849,-2697,13311
-16843,-2814,13169
-16786,-2912,12982
-16741,-3058,12847
-16741,-3058,12847
-16657,-3152,12678
-16571,-3240,12558
-16498,-3411,12300
-16526,-3412,12216
-16468,-3491,12080
-16426,-3599,11890
-16292,-3676,11670
-16292,-3676,11670
-16151,-3759,11440
-16024,-3818,11198
-15960,-3885,11005
-15960,-3885,11005
-15923,-3980,10584
-15807,-3985,10476
-15807,-3985,10476
-15831,-3984,10373
-15828,-4012,10326
-15853,-3999,10196
-15889,-4036,10122
-15878,-4048,10003
-15869,-4057,9898
-15869,-4057,9898
-16047,-4149,8910
-16094,-4151,8864
-16094,-4151,8864
-16171,-4142,8914
-16231,-4155,8931
-16231,-4155,8931
-16268,-4147,8902
-16249,-4148,8715
-16226,-4155,8621
-16226,-4155,8621
-15041,-4030,8468
-14709,-3942,8444
-14709,-3942,8444
-14348,-3816,8382
-14025,-3704,8474
-13659,-3541,8534
-13659,-3541,8534
-13255,-3329,8573
-12865,-3168,8586
-12559,-2974,8578
-11226,-1897,8810
-10995,-1623,8810
-10815,-1364,8850
-10661,-1096,8872
-10661,-1096,8872
-10494,-892,8981
-10359,-673,9102
-10251,-456,9131
-10251,-456,9131
-10180,-238,9142
-9835,966,9867
-9781,1143,10124
-9781,1143,10124
-9791,1366,10352
-9818,1523,10654
-9838,1639,10913
-9930,1779,11166
-9991,1897,11336
-10028,1915,11624
-10028,1915,11624
-10371,1656,12493
-10427,1603,12606
-10427,1603,12606
-10502,1606,12662
-10518,1554,12784
-10518,1554,12784
-10594,1527,12866
-10660,1468,12914
-10692,1327,13000
-10692,1327,13000
-11557,-366,13427
-11805,-756,13437
-11805,-756,13437
-12131,-1079,13412
-12426,-1441,13425
-12426,-1441,13425
-12816,-1706,13409
-13139,-1989,13328
-13532,-2213,13256
-13871,-2438,13213
-15501,-3025,12829
-15778,-3080,12734
-16099,-3147,12654
-16099,-3147,12654
-16328,-3192,12497
-16535,-3260,12409
-16535,-3260,12409
-16588,-3279,12320
-16523,-3315,12316
-16338,-3272,12358
-14861,-2371,13622
-14861,-2371,13622
-14722,-2153,13825
-14568,-1843,14110
-14381,-1418,14414
-14381,-1418,14414
-14150,-882,14649
-13962,-291,14865
-13801,318,15058
-13710,904,15143
-13845,3511,14618
-13894,3785,14430
-13894,3785,14430
-13901,4049,14274
-14000,4309,14071
-14000,4309,14071
-14050,4628,13785
-14140,4853,13557
-14250,5143,13254
-14358,5325,12966
-15207,6088,11458
-15207,6088,11458
-15330,6109,11323
-15479,6157,11144
-15659,6165,10932
-15659,6165,10932
-15801,6217,10703
-15907,6215,10556
-15907,6215,10556
-16001,6265,10340
-16389,6257,9644
-16389,6257,9644
-16372,6308,9529
-28785,-28785,-28785
-16541,6237,9444
-16541,6237,9444
-16779,6211,9279
-17059,6128,9056
-17059,6128,9056
-17395,5995,8794
-18429,5516,8001
-18429,5516,8001
-18462,5528,7910
-18445,5527,7896
-18456,5531,7876
-18510,5520,7898
-18571,5476,7870
-18571,5476,7870
-18720,5388,7933
-18869,5295,7930
-19953,4450,8291
-19953,4450,8291
-20074,4322,8326
-20198,4175,8391
-20318,4063,8474
-20318,4063,8474
-20359,3988,8433
-20382,3875,8514
-20382,3875,8514
-20443,3829,8521
-20635,3434,8515
-20635,3434,8515
-20657,3430,8495
-20663,3369,8524
-20676,3289,8521
14649,14649,14649
-20726,3243,8524
-20737,3176,8510
-20731,3109,8500
-20758,3095,8530
-21072,2400,8258
-21161,2190,8179
-21242,1899,8101
-21242,1899,8101
-21301,1580,7971
-21352,1256,7809
-21384,927,7663
-21384,927,7663
-21373,675,7501
-21320,450,7376
-21054,-522,6998
-21000,-783,6998
-20849,-987,7037
-20796,-1247,7116
-20796,-1247,7116
-20646,-1472,7169
-20507,-1704,7208
-20397,-1894,7217
-20223,-2070,7283
-20223,-2070,7283
-19620,-2774,7853
-19471,-2893,7989
-19471,-2893,7989
-19357,-3004,8167
-19224,-3100,8283
-19091,-3193,8431
-19091,-3193,8431
-19010,-3242,8583
-19001,-3243,8747
-19067,-3222,8969
-19363,-2981,9799
-19440,-2902,9855
-19604,-2789,9993
-19604,-2789,9993
-19895,-2521,10103
-20192,-2146,10324
-20192,-2146,10324
-20492,-1668,10530
-20705,-1098,10748
-20857,-537,10868
-20563,2252,11460
-20298,2890,11413
-19908,3492,11389
-19496,4007,11396
-19496,4007,11396
-19044,4493,11323
-18591,4847,11321
-18190,5139,11301
-18190,5139,11301
-17805,5363,11274
-16367,5830,11464
-16228,5827,11538
-16228,5827,11538
-16158,5776,11681
-16183,5697,11831
-16325,5543,12024
-16461,5426,12137
-16461,5426,12137
-16563,5293,12324
-16678,5152,12494
-17885,3594,13444
-17885,3594,13444
-18096,3295,13511
-18214,3001,13613
-18353,2622,13722
-18353,2622,13722
-18569,2305,13689
-18763,1902,13672
-18763,1902,13672
-19050,1547,13502
-20615,-387,11186
-20615,-387,11186
-20745,-548,10652
-20860,-621,10160
-20946,-656,9763
-20946,-656,9763
-21039,-592,9399
-21107,-560,9064
-21107,-560,9064
-21087,-499,8760
-20705,-1122,7269
-20705,-1536,7247
-20483,-1536,7247
-20085,-1979,7281
-19750,-2403,7368
-19750,-2403,7368
-19350,-2746,7522
-18914,-3062,7664
-18584,-3227,7777
-18584,-3227,7777
-17659,-3568,8088
-17609,-3576,8086
-17609,-3576,8086
-17507,-3592,8163
-17429,-3604,8293
-17356,-3628,8400
-17259,-3682,8545
-17147,-3702,8656
-17147,-3702,8656
-17079,-3698,8740
-16350,-3837,9123
-16172,-3877,9207
-16172,-3877,9207
-16007,-3871,9343
-15839,-3829,9543
-15655,-3836,9761
-15655,-3836,9761
-15494,-3806,9799
-15298,-3786,9749
-15124,-3781,9656
-14398,-3596,9255
-14156,-3526,9238
-13956,-3444,9289
-13956,-3444,9289
-13784,-3394,9334
-13600,-3307,9348
-13600,-3307,9348
-13369,-3215,9308
-13122,-3115,9318
-12947,-3036,9408
-12464,-2698,9897
-12412,-2633,10043
-12373,-2598,10190
-12373,-2598,10190
-12304,-2532,10370
-12203,-2464,10541
-12203,-2464,10541
-12109,-2347,10663
-12011,-2223,10726
-11958,-2186,10838
-11841,-1936,11012
-11864,-1966,11210
-11919,-1964,11436
-11919,-1964,11436
-12010,-1927,11651
-12097,-1874,11910
-12117,-1824,12103
-12189,-1736,12166
-12227,-1674,12426
-12227,-1674,12426
-11284,1276,13458
-11140,1760,13367
-11155,2096,13311
-11155,2096,13311
-11234,2579,13209
-11317,3069,13122
-11317,3069,13122
-11520,3690,12893
-11715,4214,12607
-11972,4725,12172
-13018,5889,10522
-13131,6002,10318
-13254,6066,10183
-13254,6066,10183
-13401,6101,10094
-13602,6188,9863
-13798,6259,9548
-13798,6259,9548
-14024,6291,9345
-14150,6331,9153
-14758,6278,7934
-14883,6270,7681
-14871,6265,7583
-14853,6262,7570
-14853,6262,7570
-14810,6263,7534
-14708,6223,7568
-14708,6223,7568
-14654,6223,7434
-14600,6163,7267
-14454,6204,6979
-14637,6238,6880
-14814,6270,6847
-15139,6340,6856
-15139,6340,6856
-15491,6378,6925
-15854,6402,6991
-16226,6371,7050
-16544,6397,7153
-16544,6397,7153
-18725,5817,8174
-19068,5603,8300
-19437,5370,8445
-19437,5370,8445
-19761,5125,8522
-20070,4803,8677
-20359,4501,8812
-20359,4501,8812
-20603,4204,8881
-20826,3854,8951
-21269,2737,9073
-21269,2737,9073
-21260,2625,9088
-21288,2477,9180
-21366,2338,9320
-21366,2338,9320
-21407,2106,9431
-21437,1847,9631
-21437,1847,9872
-21469,1599,9872
-21245,1446,11066
-21192,1589,11252
-21192,1589,11252
-21091,1732,11427
-20939,1891,11656
-20939,1891,11656
-20773,2106,11925
-20516,2289,12248
-20327,2436,12481
-20327,2436,12481
-19038,3285,13218
-18849,3420,13263
-18849,3420,13263
-18711,3505,13294
-18619,3594,13291
-18640,3629,13247
-18640,3629,13247
-18699,3608,13257
-18793,3579,13243
-18824,3450,13270
-20152,1856,12835
-20152,1856,12835
-20456,1360,12579
-20643,814,12272
-20835,508,11967
-20835,508,11967
-20961,435,11659
-21137,443,11232
-21346,443,10657
-21346,443,10657
-21342,47,7153
-21177,-87,6719
-21005,-262,6367
-20821,-452,6096
-20821,-452,6096
-20640,-704,5932
-20436,-1031,5864
-20159,-1421,5884
-20159,-1421,5884
-19839,-1803,5890
-17354,-3491,6906
-17354,-3491,6906
-17081,-3574,7061
-16862,-3621,7314
-16790,-3716,7628
-16790,-3716,7628
-16848,-3752,7924
-16922,-3804,8131
-16922,-3804,8387
-17036,-3811,8298
-17885,-3616,9906
-17977,-3581,10001
-17977,-3581,10001
-18029,-3561,10085
-18017,-3509,10344
-18078,-3430,10654
-18078,-3430,10654
-18122,-3301,10973
-18181,-3145,11240
-18282,-3036,11532
-19853,-1152,12334
-20318,-430,12159
-20646,224,11881
-20646,224,11881
-20934,911,11449
-21080,1619,10992
-21071,2334,10480
-21071,2334,10480
-20933,3086,9892
-20596,3762,9387
-17678,5947,8242
-17250,6121,8277
-17250,6121,8277
-16886,6272,8328
-16532,6374,8427
-16148,6521,8534
-16148,6521,8534
-15844,6634,8521
-15491,6709,8513
-15256,6806,8578
